,Time,TimeEDT,TemperatureF,Dew_PointF,Humidity,Sea_Level_PressureIn,VisibilityMPH,Wind_Direction,Wind_SpeedMPH,Gust_SpeedMPH,PrecipitationIn,Events,Conditions,WindDirDegrees,DateUTC
1,10/1/2016 0:05,12:05 AM,57.9,57,97,30.35,10,NE,15,-,0,Rain,Light Rain,50,10/1/2016 4:05
2,10/1/2016 0:29,12:29 AM,57.9,57,97,30.34,10,NE,15,-,0,,Overcast,50,10/1/2016 4:29
3,10/1/2016 0:54,12:54 AM,57.9,57,97,30.34,6,NE,18.4,-,0,Rain,Light Rain,50,10/1/2016 4:54
4,10/1/2016 1:16,1:16 AM,57.9,57,97,30.34,2.5,NE,19.6,-,0.01,Rain,Rain,50,10/1/2016 5:16
5,10/1/2016 1:23,1:23 AM,57.9,57,97,30.34,3,NE,18.4,-,0.02,Rain,Light Rain,50,10/1/2016 5:23
6,10/1/2016 1:54,1:54 AM,57.9,57,97,30.33,2.5,NE,16.1,-,0.08,Rain,Heavy Rain,50,10/1/2016 5:54
7,10/1/2016 2:03,2:03 AM,57.9,57,97,30.33,4,ENE,18.4,-,0.01,Rain,Light Rain,60,10/1/2016 6:03
8,10/1/2016 2:10,2:10 AM,57.9,57,97,30.33,4,NE,17.3,-,0.02,Rain,Light Rain,50,10/1/2016 6:10
9,10/1/2016 2:43,2:43 AM,57.9,57,97,30.32,6,NE,17.3,24.2,0.04,Rain,Light Rain,50,10/1/2016 6:43
10,10/1/2016 2:54,2:54 AM,57.9,57,97,30.31,5,NE,16.1,-,0.04,Rain,Light Rain,50,10/1/2016 6:54
11,10/1/2016 3:21,3:21 AM,57,57,100,30.31,3,NE,19.6,-,0.01,Rain,Light Rain,50,10/1/2016 7:21
12,10/1/2016 3:54,3:54 AM,57,57,100,30.3,4,NE,18.4,27.6,0.02,Rain,Light Rain,50,10/1/2016 7:54
13,10/1/2016 4:16,4:16 AM,57,57,100,30.3,6,NE,18.4,-,0.01,Rain,Light Rain,50,10/1/2016 8:16
14,10/1/2016 4:54,4:54 AM,57,57,100,30.3,2.5,NE,15,-,0.02,Rain,Light Rain,50,10/1/2016 8:54
15,10/1/2016 5:19,5:19 AM,57,57,100,30.3,4,NE,17.3,-,0.07,Rain,Light Rain,50,10/1/2016 9:19
16,10/1/2016 5:54,5:54 AM,57,57,100,30.31,2.5,NE,18.4,24.2,0.09,Rain,Light Rain,50,10/1/2016 9:54
17,10/1/2016 6:17,6:17 AM,57,57,100,30.31,3,NE,16.1,-,0.02,Rain,Light Rain,40,10/1/2016 10:17
18,10/1/2016 6:30,6:30 AM,57,57,100,30.31,2.5,NE,13.8,23,0.04,Rain,Light Rain,40,10/1/2016 10:30
19,10/1/2016 6:39,6:39 AM,57,57,100,30.31,3,NE,17.3,-,0.05,Rain,Light Rain,40,10/1/2016 10:39
20,10/1/2016 6:54,6:54 AM,57,57,100,30.3,4,NE,15,24.2,0.05,Rain,Light Rain,40,10/1/2016 10:54
21,10/1/2016 7:47,7:47 AM,55.9,55.9,100,30.31,2,NE,13.8,-,0.12,Rain,Heavy Rain,40,10/1/2016 11:47
22,10/1/2016 7:54,7:54 AM,55.9,55.9,100,30.31,2.5,NE,12.7,-,0.15,Rain,Heavy Rain,40,10/1/2016 11:54
23,10/1/2016 8:04,8:04 AM,55.9,55.9,100,30.31,4,NNE,16.1,-,0.02,Rain,Light Rain,30,10/1/2016 12:04
24,10/1/2016 8:51,8:51 AM,55.9,55.9,100,30.31,4,NNE,15,-,0.07,Rain,Heavy Rain,30,10/1/2016 12:51
25,10/1/2016 8:58,8:58 AM,55.9,55.9,100,30.31,2.5,NNE,16.1,-,0.01,Rain,Rain,30,10/1/2016 12:58
26,10/1/2016 9:24,9:24 AM,55.9,55.9,100,30.31,3,NE,16.1,-,0.03,Rain,Rain,40,10/1/2016 13:24
27,10/1/2016 9:54,9:54 AM,55.9,55.9,100,30.3,3,NNE,16.1,-,0.13,Rain,Light Rain,30,10/1/2016 13:54
28,10/1/2016 10:08,10:08 AM,57,55.9,96,30.29,8,NNE,15,-,0,Rain,Light Rain,30,10/1/2016 14:08
29,10/1/2016 10:54,10:54 AM,57,57,100,30.29,5,NE,16.1,-,0,,Overcast,40,10/1/2016 14:54
30,10/1/2016 11:02,11:02 AM,57,57,100,30.29,5,NNE,15,-,N/A,,Overcast,30,10/1/2016 15:02
31,10/1/2016 11:54,11:54 AM,57.9,57,97,30.28,2.5,NNE,13.8,-,0,,Light Drizzle,30,10/1/2016 15:54
32,10/1/2016 12:26,12:26 PM,57.9,57.9,100,30.27,1.5,NE,13.8,-,0.01,Rain,Light Rain,40,10/1/2016 16:26
33,10/1/2016 12:54,12:54 PM,57.9,57.9,100,30.26,1.5,NNE,16.1,-,0.01,,Light Drizzle,30,10/1/2016 16:54
34,10/1/2016 13:54,1:54 PM,57.9,57.9,100,30.24,1,NNE,15,-,0.01,Rain,Light Rain,20,10/1/2016 17:54
35,10/1/2016 14:54,2:54 PM,57,57,100,30.24,1,NNE,16.1,-,0.02,Rain,Light Rain,20,10/1/2016 18:54
36,10/1/2016 15:54,3:54 PM,55.9,55.9,100,30.24,1,NNE,17.3,-,0,Rain,Light Rain,20,10/1/2016 19:54
37,10/1/2016 16:54,4:54 PM,55,55,100,30.24,1,NNE,15,-,0,,Light Drizzle,20,10/1/2016 20:54
38,10/1/2016 17:54,5:54 PM,55,55,100,30.21,1,NNE,18.4,-,0.01,,Overcast,20,10/1/2016 21:54
39,10/1/2016 18:54,6:54 PM,55.9,55,97,30.22,1,NNE,15,-,0,Rain,Light Rain,20,10/1/2016 22:54
40,10/1/2016 18:57,6:57 PM,55.9,55,97,30.21,3,NNE,16.1,-,0,,Overcast,30,10/1/2016 22:57
41,10/1/2016 19:17,7:17 PM,55.9,55,97,30.2,2.5,NNE,16.1,-,0,,Light Drizzle,20,10/1/2016 23:17
42,10/1/2016 19:54,7:54 PM,55.9,55.9,100,30.2,3,NE,16.1,-,0,Rain,Light Rain,40,10/1/2016 23:54
43,10/1/2016 20:54,8:54 PM,55,54,96,30.21,3,NNE,20.7,29.9,0.01,,Overcast,30,10/2/2016 0:54
44,10/1/2016 21:54,9:54 PM,55,53.1,93,30.2,3,NNE,16.1,-,N/A,,Overcast,20,10/2/2016 1:54
45,10/1/2016 22:34,10:34 PM,55,54,96,30.18,3,NNE,16.1,-,N/A,,Overcast,30,10/2/2016 2:34
46,10/1/2016 22:54,10:54 PM,55,55,100,30.18,3,NNE,16.1,-,N/A,,Overcast,30,10/2/2016 2:54
47,10/1/2016 23:54,11:54 PM,55,55,100,30.18,2.5,North,11.5,-,0,,Light Drizzle,10,10/2/2016 3:54
48,10/2/2016 0:14,12:14 AM,55.9,55,97,30.18,3,NNE,11.5,-,0,,Light Drizzle,20,10/2/2016 4:14
49,10/2/2016 0:54,12:54 AM,55,55,100,30.17,3,NNW,9.2,-,0,,Light Drizzle,340,10/2/2016 4:54
50,10/2/2016 1:10,1:10 AM,54,54,100,30.16,2.5,North,9.2,-,0,,Light Drizzle,350,10/2/2016 5:10
51,10/2/2016 1:54,1:54 AM,54,54,100,30.17,2.5,NNW,9.2,-,0,Rain,Light Rain,330,10/2/2016 5:54
52,10/2/2016 2:54,2:54 AM,53.1,53.1,100,30.15,2.5,North,10.4,-,0.01,Rain,Light Rain,350,10/2/2016 6:54
53,10/2/2016 3:54,3:54 AM,53.1,53.1,100,30.16,2.5,NNW,8.1,-,0.01,Rain,Light Rain,340,10/2/2016 7:54
54,10/2/2016 4:46,4:46 AM,54,54,100,30.15,2,North,8.1,-,0.01,Rain,Light Rain,350,10/2/2016 8:46
55,10/2/2016 4:54,4:54 AM,54,54,100,30.15,2,North,10.4,-,0.01,,Light Drizzle,10,10/2/2016 8:54
56,10/2/2016 5:51,5:51 AM,53.6,53.6,100,30.14,3,NNE,13.8,-,0,,Light Drizzle,20,10/2/2016 9:51
57,10/2/2016 5:54,5:54 AM,54,54,100,30.14,3,NNE,12.7,-,0,,Overcast,20,10/2/2016 9:54
58,10/2/2016 6:01,6:01 AM,54,54,100,30.14,3,NNE,15,-,N/A,,Overcast,20,10/2/2016 10:01
59,10/2/2016 6:54,6:54 AM,54,54,100,30.14,3,NNE,15,-,N/A,,Overcast,20,10/2/2016 10:54
60,10/2/2016 7:54,7:54 AM,54,53.1,97,30.15,3,NNE,12.7,-,N/A,,Overcast,30,10/2/2016 11:54
61,10/2/2016 8:23,8:23 AM,54,54,100,30.15,2.5,NNE,11.5,-,N/A,,Overcast,30,10/2/2016 12:23
62,10/2/2016 8:54,8:54 AM,54,54,100,30.15,2,NE,15,-,N/A,,Overcast,40,10/2/2016 12:54
63,10/2/2016 9:54,9:54 AM,55,54,96,30.14,7,NNE,9.2,-,N/A,,Overcast,30,10/2/2016 13:54
64,10/2/2016 10:54,10:54 AM,55.9,54,93,30.13,10,NNE,11.5,-,N/A,,Overcast,20,10/2/2016 14:54
65,10/2/2016 11:25,11:25 AM,55.9,54,93,30.12,10,NNE,11.5,-,N/A,,Overcast,30,10/2/2016 15:25
66,10/2/2016 11:54,11:54 AM,55.9,54,93,30.12,10,NNE,11.5,-,N/A,,Overcast,30,10/2/2016 15:54
67,10/2/2016 12:54,12:54 PM,55.9,54,93,30.11,10,NNE,6.9,-,N/A,,Overcast,20,10/2/2016 16:54
68,10/2/2016 13:30,1:30 PM,55.9,54,93,30.1,10,North,6.9,-,N/A,,Overcast,360,10/2/2016 17:30
69,10/2/2016 13:54,1:54 PM,57,54,89,30.1,10,NNE,5.8,-,N/A,,Overcast,30,10/2/2016 17:54
70,10/2/2016 14:41,2:41 PM,55.9,55,97,30.09,5,NNE,5.8,-,0,,Light Drizzle,20,10/2/2016 18:41
71,10/2/2016 14:50,2:50 PM,55.4,53.6,94,30.09,9,NE,5.8,-,0,,Light Drizzle,40,10/2/2016 18:50
72,10/2/2016 14:54,2:54 PM,55.9,54,93,30.08,10,NE,5.8,-,0,,Light Drizzle,40,10/2/2016 18:54
73,10/2/2016 15:12,3:12 PM,55.9,54,93,30.08,10,ENE,6.9,-,0,,Overcast,60,10/2/2016 19:12
74,10/2/2016 15:54,3:54 PM,57,54,89,30.07,10,NNE,6.9,-,0,,Overcast,30,10/2/2016 19:54
75,10/2/2016 16:54,4:54 PM,57,53.1,87,30.07,10,NNE,3.5,-,N/A,,Overcast,20,10/2/2016 20:54
76,10/2/2016 17:54,5:54 PM,55.9,54,93,30.06,10,ENE,3.5,-,N/A,,Overcast,70,10/2/2016 21:54
77,10/2/2016 18:54,6:54 PM,57,54,89,30.06,10,NNE,3.5,-,N/A,,Overcast,20,10/2/2016 22:54
78,10/2/2016 19:54,7:54 PM,55.9,54,93,30.06,10,Variable,4.6,-,N/A,,Overcast,0,10/2/2016 23:54
79,10/2/2016 20:54,8:54 PM,55.9,54,93,30.04,10,Calm,Calm,-,N/A,,Overcast,0,10/3/2016 0:54
80,10/2/2016 21:35,9:35 PM,55.9,54,93,30.04,10,Calm,Calm,-,N/A,,Overcast,0,10/3/2016 1:35
81,10/2/2016 21:54,9:54 PM,55.9,54,93,30.04,10,Calm,Calm,-,N/A,,Overcast,0,10/3/2016 1:54
82,10/2/2016 22:18,10:18 PM,55.9,54,93,30.03,10,Calm,Calm,-,N/A,,Overcast,0,10/3/2016 2:18
83,10/2/2016 22:54,10:54 PM,57,54,89,30.03,10,Variable,4.6,-,N/A,,Overcast,0,10/3/2016 2:54
84,10/2/2016 23:25,11:25 PM,55.9,54,93,30.03,10,SW,6.9,-,N/A,,Overcast,230,10/3/2016 3:25
85,10/2/2016 23:54,11:54 PM,55.9,54,93,30.03,10,SW,4.6,-,N/A,,Overcast,230,10/3/2016 3:54
86,10/3/2016 0:10,12:10 AM,55.9,54,93,30.02,10,WNW,4.6,-,N/A,NA,Overcast,290,10/3/2016 4:10
87,10/3/2016 0:54,12:54 AM,55.9,54,93,30.01,9,Variable,5.8,-,N/A,NA,Overcast,0,10/3/2016 4:54
88,10/3/2016 1:54,1:54 AM,55.9,54,93,30,10,South,6.9,-,N/A,NA,Overcast,190,10/3/2016 5:54
89,10/3/2016 2:54,2:54 AM,55.9,54,93,29.99,10,WSW,6.9,-,N/A,NA,Overcast,240,10/3/2016 6:54
90,10/3/2016 3:15,3:15 AM,55.9,55,97,29.99,10,SW,6.9,-,N/A,NA,Overcast,230,10/3/2016 7:15
91,10/3/2016 3:23,3:23 AM,55.9,55,97,29.99,9,SW,6.9,-,N/A,NA,Overcast,220,10/3/2016 7:23
92,10/3/2016 3:54,3:54 AM,55.9,55,97,29.99,9,SW,8.1,-,N/A,NA,Overcast,230,10/3/2016 7:54
93,10/3/2016 4:17,4:17 AM,55.9,55,97,29.98,10,SW,8.1,-,N/A,NA,Overcast,230,10/3/2016 8:17
94,10/3/2016 4:54,4:54 AM,55.9,55,97,29.98,10,West,8.1,-,N/A,NA,Overcast,270,10/3/2016 8:54
95,10/3/2016 5:21,5:21 AM,57,55,93,29.98,10,West,10.4,-,N/A,NA,Overcast,270,10/3/2016 9:21
96,10/3/2016 5:54,5:54 AM,57,55,93,29.97,10,WSW,8.1,-,N/A,NA,Overcast,250,10/3/2016 9:54
97,10/3/2016 6:33,6:33 AM,57,55,93,29.98,10,WSW,6.9,-,N/A,NA,Mostly Cloudy,250,10/3/2016 10:33
98,10/3/2016 6:54,6:54 AM,57.9,55,90,29.98,10,WSW,8.1,-,N/A,NA,Mostly Cloudy,240,10/3/2016 10:54
99,10/3/2016 7:54,7:54 AM,57.9,55.9,93,29.99,10,SW,6.9,-,N/A,NA,Mostly Cloudy,220,10/3/2016 11:54
100,10/3/2016 8:54,8:54 AM,62.1,55.9,80,29.99,10,WNW,8.1,-,N/A,NA,Scattered Clouds,300,10/3/2016 12:54
101,10/3/2016 9:54,9:54 AM,64,55.9,75,30,10,Variable,5.8,-,N/A,NA,Partly Cloudy,0,10/3/2016 13:54
102,10/3/2016 10:54,10:54 AM,66,55.9,70,30.01,10,Variable,4.6,-,N/A,NA,Partly Cloudy,0,10/3/2016 14:54
103,10/3/2016 11:54,11:54 AM,66.9,57.9,73,30.01,10,East,5.8,-,N/A,NA,Scattered Clouds,80,10/3/2016 15:54
104,10/3/2016 12:54,12:54 PM,66,57,73,30.01,10,SE,8.1,-,N/A,NA,Partly Cloudy,130,10/3/2016 16:54
105,10/3/2016 13:54,1:54 PM,64.9,57.9,78,30.02,10,East,9.2,-,N/A,NA,Partly Cloudy,80,10/3/2016 17:54
106,10/3/2016 14:54,2:54 PM,64,55.9,75,30.02,10,East,9.2,-,N/A,NA,Mostly Cloudy,80,10/3/2016 18:54
107,10/3/2016 15:54,3:54 PM,64,55.9,75,30.02,10,East,10.4,-,N/A,NA,Scattered Clouds,90,10/3/2016 19:54
108,10/3/2016 16:54,4:54 PM,62.1,57,84,30.05,10,East,10.4,-,N/A,NA,Partly Cloudy,90,10/3/2016 20:54
109,10/3/2016 17:54,5:54 PM,59,57,93,30.07,10,East,5.8,-,N/A,NA,Mostly Cloudy,90,10/3/2016 21:54
110,10/3/2016 18:54,6:54 PM,59,57,93,30.09,10,ENE,6.9,-,N/A,NA,Scattered Clouds,60,10/3/2016 22:54
111,10/3/2016 19:54,7:54 PM,59,57.9,96,30.12,10,East,4.6,-,N/A,NA,Scattered Clouds,80,10/3/2016 23:54
112,10/3/2016 20:27,8:27 PM,60.1,57.9,93,30.13,10,East,8.1,-,N/A,NA,Mostly Cloudy,80,10/4/2016 0:27
113,10/3/2016 20:46,8:46 PM,60.1,57.9,93,30.14,10,East,9.2,-,N/A,NA,Mostly Cloudy,80,10/4/2016 0:46
114,10/3/2016 20:54,8:54 PM,59,57,93,30.15,10,East,10.4,-,N/A,NA,Mostly Cloudy,80,10/4/2016 0:54
115,10/3/2016 21:16,9:16 PM,60.1,57,90,30.15,10,East,10.4,-,N/A,NA,Mostly Cloudy,90,10/4/2016 1:16
116,10/3/2016 22:54,10:54 PM,59,55.9,90,30.18,10,East,6.9,-,N/A,NA,Mostly Cloudy,90,10/4/2016 2:54
117,10/3/2016 23:38,11:38 PM,57.9,55.9,93,30.2,10,NE,6.9,-,N/A,NA,Scattered Clouds,40,10/4/2016 3:38
118,10/3/2016 23:54,11:54 PM,59,57,93,30.2,10,NE,9.2,-,N/A,NA,Mostly Cloudy,50,10/4/2016 3:54
119,10/4/2016 0:27,12:27 AM,59,55,87,30.21,10,NE,10.4,-,N/A,,Mostly Cloudy,50,10/4/2016 4:27
120,10/4/2016 0:54,12:54 AM,59,55,87,30.22,10,ENE,11.5,-,N/A,,Mostly Cloudy,60,10/4/2016 4:54
121,10/4/2016 1:54,1:54 AM,59,55,87,30.23,10,ENE,12.7,-,N/A,,Overcast,60,10/4/2016 5:54
122,10/4/2016 2:54,2:54 AM,59,53.1,81,30.24,10,ENE,15,-,N/A,,Overcast,60,10/4/2016 6:54
123,10/4/2016 3:54,3:54 AM,57.9,54,87,30.25,10,NNE,11.5,-,N/A,,Overcast,30,10/4/2016 7:54
124,10/4/2016 4:43,4:43 AM,57.9,55,90,30.26,10,North,10.4,-,N/A,,Overcast,10,10/4/2016 8:43
125,10/4/2016 4:54,4:54 AM,57.9,55,90,30.26,10,North,10.4,-,N/A,,Overcast,10,10/4/2016 8:54
126,10/4/2016 5:54,5:54 AM,57.9,55,90,30.27,10,North,8.1,-,N/A,,Mostly Cloudy,360,10/4/2016 9:54
127,10/4/2016 6:38,6:38 AM,57.9,55.9,93,30.29,10,North,9.2,-,N/A,,Overcast,10,10/4/2016 10:38
128,10/4/2016 6:54,6:54 AM,59,57,93,30.3,10,ENE,10.4,-,0,Rain,Light Rain,60,10/4/2016 10:54
129,10/4/2016 7:24,7:24 AM,60.1,55.9,86,30.31,10,ENE,13.8,-,0,,Overcast,60,10/4/2016 11:24
130,10/4/2016 7:54,7:54 AM,60.1,55,83,30.32,10,ENE,15,-,0,,Overcast,60,10/4/2016 11:54
131,10/4/2016 8:54,8:54 AM,61,55,81,30.34,10,ENE,12.7,-,N/A,,Mostly Cloudy,60,10/4/2016 12:54
132,10/4/2016 9:16,9:16 AM,62.1,55,78,30.35,10,NE,16.1,-,N/A,,Mostly Cloudy,50,10/4/2016 13:16
133,10/4/2016 9:54,9:54 AM,62.1,55,78,30.36,10,NE,19.6,-,N/A,,Mostly Cloudy,50,10/4/2016 13:54
134,10/4/2016 10:01,10:01 AM,63,55,75,30.36,10,NE,17.3,-,N/A,,Mostly Cloudy,50,10/4/2016 14:01
135,10/4/2016 10:54,10:54 AM,62.1,53.1,72,30.36,10,ENE,17.3,23,N/A,,Scattered Clouds,60,10/4/2016 14:54
136,10/4/2016 11:54,11:54 AM,62.1,52,70,30.37,10,NE,17.3,26.5,N/A,,Scattered Clouds,50,10/4/2016 15:54
137,10/4/2016 12:54,12:54 PM,61,51.1,70,30.37,10,ENE,15,-,N/A,,Scattered Clouds,70,10/4/2016 16:54
138,10/4/2016 13:54,1:54 PM,61,51.1,70,30.36,10,ENE,18.4,-,N/A,,Scattered Clouds,70,10/4/2016 17:54
139,10/4/2016 14:54,2:54 PM,60.1,50,69,30.36,10,ENE,16.1,-,N/A,,Scattered Clouds,60,10/4/2016 18:54
140,10/4/2016 15:54,3:54 PM,60.1,48,64,30.35,10,NNE,15,-,N/A,,Partly Cloudy,30,10/4/2016 19:54
141,10/4/2016 16:54,4:54 PM,57.9,46.9,67,30.35,10,ENE,13.8,-,N/A,,Partly Cloudy,60,10/4/2016 20:54
142,10/4/2016 17:54,5:54 PM,55.9,46.9,72,30.36,10,ENE,12.7,-,N/A,,Partly Cloudy,70,10/4/2016 21:54
143,10/4/2016 18:54,6:54 PM,55,45,69,30.37,10,ENE,11.5,-,N/A,,Partly Cloudy,60,10/4/2016 22:54
144,10/4/2016 19:54,7:54 PM,55,48,77,30.38,10,ENE,9.2,-,N/A,,Partly Cloudy,60,10/4/2016 23:54
145,10/4/2016 20:54,8:54 PM,54,48,80,30.38,10,NE,6.9,-,N/A,,Partly Cloudy,40,10/5/2016 0:54
146,10/4/2016 21:54,9:54 PM,53.1,46.9,80,30.38,10,North,8.1,-,N/A,,Partly Cloudy,360,10/5/2016 1:54
147,10/4/2016 22:54,10:54 PM,52,48,86,30.38,10,North,9.2,-,N/A,,Partly Cloudy,360,10/5/2016 2:54
148,10/4/2016 23:54,11:54 PM,51.1,46.9,86,30.38,10,North,8.1,-,N/A,,Partly Cloudy,10,10/5/2016 3:54
149,10/5/2016 0:54,12:54 AM,50,46.9,89,30.38,10,North,5.8,-,N/A,NA,Clear,350,10/5/2016 4:54
150,10/5/2016 1:54,1:54 AM,50,46,86,30.37,10,North,9.2,-,N/A,NA,Clear,360,10/5/2016 5:54
151,10/5/2016 2:54,2:54 AM,50,46,86,30.35,10,North,8.1,-,N/A,NA,Clear,350,10/5/2016 6:54
152,10/5/2016 3:54,3:54 AM,48,45,89,30.35,10,NNW,5.8,-,N/A,NA,Clear,340,10/5/2016 7:54
153,10/5/2016 4:54,4:54 AM,48.9,46,90,30.36,10,North,8.1,-,N/A,NA,Clear,360,10/5/2016 8:54
154,10/5/2016 6:13,6:13 AM,48.9,46,90,30.37,10,North,9.2,-,N/A,NA,Scattered Clouds,360,10/5/2016 10:13
155,10/5/2016 6:54,6:54 AM,48.9,46,90,30.38,10,North,10.4,-,N/A,NA,Scattered Clouds,360,10/5/2016 10:54
156,10/5/2016 7:54,7:54 AM,51.1,46.9,86,30.38,10,North,8.1,-,N/A,NA,Partly Cloudy,360,10/5/2016 11:54
157,10/5/2016 8:54,8:54 AM,55,48.9,80,30.4,10,North,9.2,-,N/A,NA,Partly Cloudy,10,10/5/2016 12:54
158,10/5/2016 9:54,9:54 AM,57.9,50,75,30.39,10,NNE,10.4,-,N/A,NA,Partly Cloudy,30,10/5/2016 13:54
159,10/5/2016 10:54,10:54 AM,59,48.9,69,30.4,10,ENE,11.5,-,N/A,NA,Partly Cloudy,60,10/5/2016 14:54
160,10/5/2016 11:54,11:54 AM,59,48.9,69,30.39,10,ENE,9.2,-,N/A,NA,Partly Cloudy,70,10/5/2016 15:54
161,10/5/2016 12:54,12:54 PM,60.1,48.9,67,30.37,10,ENE,11.5,-,N/A,NA,Partly Cloudy,70,10/5/2016 16:54
162,10/5/2016 13:54,1:54 PM,59,48.9,69,30.35,10,East,12.7,-,N/A,NA,Partly Cloudy,80,10/5/2016 17:54
163,10/5/2016 14:54,2:54 PM,59,48,67,30.33,10,East,13.8,-,N/A,NA,Partly Cloudy,80,10/5/2016 18:54
164,10/5/2016 15:54,3:54 PM,57.9,48.9,72,30.32,10,East,10.4,-,N/A,NA,Partly Cloudy,80,10/5/2016 19:54
165,10/5/2016 16:54,4:54 PM,57,48,72,30.31,10,East,9.2,-,N/A,NA,Partly Cloudy,80,10/5/2016 20:54
166,10/5/2016 17:54,5:54 PM,55.9,48,75,30.32,10,East,8.1,-,N/A,NA,Partly Cloudy,90,10/5/2016 21:54
167,10/5/2016 18:54,6:54 PM,55,48,77,30.32,10,East,4.6,-,N/A,NA,Partly Cloudy,100,10/5/2016 22:54
168,10/5/2016 19:54,7:54 PM,55,48,77,30.32,10,East,4.6,-,N/A,NA,Partly Cloudy,90,10/5/2016 23:54
169,10/5/2016 20:54,8:54 PM,55,48.9,80,30.32,10,Calm,Calm,-,N/A,NA,Partly Cloudy,0,10/6/2016 0:54
170,10/5/2016 21:54,9:54 PM,55,48.9,80,30.32,10,Calm,Calm,-,N/A,NA,Partly Cloudy,0,10/6/2016 1:54
171,10/5/2016 22:54,10:54 PM,54,48.9,83,30.31,10,North,3.5,-,N/A,NA,Partly Cloudy,360,10/6/2016 2:54
172,10/5/2016 23:54,11:54 PM,52,48.9,89,30.3,10,North,3.5,-,N/A,NA,Clear,10,10/6/2016 3:54
173,10/6/2016 0:54,12:54 AM,52,48,86,30.31,10,NNW,4.6,-,N/A,NA,Clear,330,10/6/2016 4:54
174,10/6/2016 1:54,1:54 AM,51.1,48,89,30.32,10,NW,3.5,-,N/A,NA,Clear,310,10/6/2016 5:54
175,10/6/2016 2:54,2:54 AM,50,48,93,30.31,10,WNW,4.6,-,N/A,NA,Clear,300,10/6/2016 6:54
176,10/6/2016 3:54,3:54 AM,51.1,48,89,30.3,10,NNW,3.5,-,N/A,NA,Clear,340,10/6/2016 7:54
177,10/6/2016 4:54,4:54 AM,50,46.9,89,30.3,10,Calm,Calm,-,N/A,NA,Clear,0,10/6/2016 8:54
178,10/6/2016 5:54,5:54 AM,48.9,46.9,93,30.31,10,Calm,Calm,-,N/A,NA,Clear,0,10/6/2016 9:54
179,10/6/2016 6:54,6:54 AM,48.9,46,90,30.31,10,North,4.6,-,N/A,NA,Partly Cloudy,350,10/6/2016 10:54
180,10/6/2016 7:54,7:54 AM,52,48,86,30.32,10,NW,4.6,-,N/A,NA,Partly Cloudy,310,10/6/2016 11:54
181,10/6/2016 8:54,8:54 AM,55,48,77,30.33,10,NW,3.5,-,N/A,NA,Partly Cloudy,310,10/6/2016 12:54
182,10/6/2016 9:54,9:54 AM,57.9,46.9,67,30.33,10,Calm,Calm,-,N/A,NA,Clear,0,10/6/2016 13:54
183,10/6/2016 10:54,10:54 AM,59,48.9,69,30.32,10,SSE,4.6,-,N/A,NA,Clear,160,10/6/2016 14:54
184,10/6/2016 11:54,11:54 AM,62.1,48,60,30.31,10,SE,6.9,-,N/A,NA,Clear,140,10/6/2016 15:54
185,10/6/2016 12:54,12:54 PM,63,48,58,30.29,10,SE,9.2,-,N/A,NA,Clear,140,10/6/2016 16:54
186,10/6/2016 13:54,1:54 PM,64,46,52,30.27,10,ESE,8.1,-,N/A,NA,Partly Cloudy,120,10/6/2016 17:54
187,10/6/2016 14:54,2:54 PM,66,36,33,30.27,10,East,8.1,-,N/A,NA,Clear,100,10/6/2016 18:54
188,10/6/2016 15:54,3:54 PM,64,46,52,30.27,10,ESE,6.9,-,N/A,NA,Clear,110,10/6/2016 19:54
189,10/6/2016 16:54,4:54 PM,64,46.9,54,30.27,10,East,5.8,-,N/A,NA,Clear,100,10/6/2016 20:54
190,10/6/2016 17:54,5:54 PM,63,48.9,60,30.27,10,East,3.5,-,N/A,NA,Clear,100,10/6/2016 21:54
191,10/6/2016 18:54,6:54 PM,61,53.1,75,30.28,10,Variable,3.5,-,N/A,NA,Clear,0,10/6/2016 22:54
192,10/6/2016 19:54,7:54 PM,61,55.9,83,30.28,10,SSE,5.8,-,N/A,NA,Clear,160,10/6/2016 23:54
193,10/6/2016 20:54,8:54 PM,60.1,54,80,30.3,10,SSW,8.1,-,N/A,NA,Clear,200,10/7/2016 0:54
194,10/6/2016 21:54,9:54 PM,59,53.1,81,30.3,10,SW,6.9,-,N/A,NA,Clear,230,10/7/2016 1:54
195,10/6/2016 22:54,10:54 PM,57,53.1,87,30.32,10,SSW,6.9,-,N/A,NA,Clear,200,10/7/2016 2:54
196,10/6/2016 23:54,11:54 PM,55.9,53.1,90,30.31,10,South,5.8,-,N/A,NA,Clear,190,10/7/2016 3:54
197,10/7/2016 0:54,12:54 AM,54,53.1,97,30.31,10,SSW,6.9,-,N/A,NA,Clear,210,10/7/2016 4:54
198,10/7/2016 1:54,1:54 AM,55.9,51.1,84,30.3,10,Calm,Calm,-,N/A,NA,Clear,0,10/7/2016 5:54
199,10/7/2016 2:54,2:54 AM,54,51.1,90,30.29,10,Calm,Calm,-,N/A,NA,Clear,0,10/7/2016 6:54
200,10/7/2016 3:54,3:54 AM,57,50,77,30.27,10,WNW,3.5,-,N/A,NA,Clear,300,10/7/2016 7:54
201,10/7/2016 4:54,4:54 AM,54,50,86,30.27,10,Calm,Calm,-,N/A,NA,Clear,0,10/7/2016 8:54
202,10/7/2016 5:54,5:54 AM,54,48,80,30.27,10,NW,3.5,-,N/A,NA,Clear,310,10/7/2016 9:54
203,10/7/2016 6:54,6:54 AM,54,48,80,30.29,10,Calm,Calm,-,N/A,NA,Clear,0,10/7/2016 10:54
204,10/7/2016 7:54,7:54 AM,57,48.9,74,30.3,10,Calm,Calm,-,N/A,NA,Clear,0,10/7/2016 11:54
205,10/7/2016 8:54,8:54 AM,60.1,50,69,30.31,10,NNW,3.5,-,N/A,NA,Clear,330,10/7/2016 12:54
206,10/7/2016 9:54,9:54 AM,64,52,65,30.32,10,Variable,3.5,-,N/A,NA,Clear,0,10/7/2016 13:54
207,10/7/2016 10:54,10:54 AM,64.9,53.1,65,30.31,10,ENE,5.8,-,N/A,NA,Clear,60,10/7/2016 14:54
208,10/7/2016 11:54,11:54 AM,66,53.1,63,30.31,10,ENE,5.8,-,N/A,NA,Clear,60,10/7/2016 15:54
209,10/7/2016 13:54,1:54 PM,66.9,54,63,30.27,10,ENE,9.2,-,N/A,NA,Partly Cloudy,70,10/7/2016 17:54
210,10/7/2016 14:54,2:54 PM,66,55,68,30.26,10,East,10.4,-,N/A,NA,Partly Cloudy,80,10/7/2016 18:54
211,10/7/2016 15:54,3:54 PM,64.9,57,75,30.24,10,East,9.2,-,N/A,NA,Partly Cloudy,80,10/7/2016 19:54
212,10/7/2016 16:54,4:54 PM,64.9,57.9,78,30.23,10,ENE,6.9,-,N/A,NA,Partly Cloudy,70,10/7/2016 20:54
213,10/7/2016 17:54,5:54 PM,63,57.9,84,30.23,10,ENE,5.8,-,N/A,NA,Partly Cloudy,70,10/7/2016 21:54
214,10/7/2016 18:54,6:54 PM,63,57,81,30.23,10,ESE,4.6,-,N/A,NA,Partly Cloudy,110,10/7/2016 22:54
215,10/7/2016 19:54,7:54 PM,63,55.9,78,30.24,10,SE,6.9,-,N/A,NA,Clear,130,10/7/2016 23:54
216,10/7/2016 20:54,8:54 PM,62.1,55,78,30.24,10,SSE,8.1,-,N/A,NA,Clear,160,10/8/2016 0:54
217,10/7/2016 21:54,9:54 PM,60.1,55.9,86,30.24,10,South,4.6,-,N/A,NA,Clear,190,10/8/2016 1:54
218,10/7/2016 22:54,10:54 PM,59,55,87,30.23,10,South,3.5,-,N/A,NA,Clear,180,10/8/2016 2:54
219,10/7/2016 23:54,11:54 PM,59,53.1,81,30.22,10,WSW,5.8,-,N/A,NA,Clear,250,10/8/2016 3:54
220,10/8/2016 0:54,12:54 AM,57.9,53.1,84,30.19,10,SSW,5.8,-,N/A,,Clear,200,10/8/2016 4:54
221,10/8/2016 1:54,1:54 AM,55.9,53.1,90,30.19,10,SSE,4.6,-,N/A,,Clear,160,10/8/2016 5:54
222,10/8/2016 2:54,2:54 AM,54,52,93,30.18,10,South,5.8,-,N/A,,Clear,190,10/8/2016 6:54
223,10/8/2016 3:54,3:54 AM,54,52,93,30.17,10,South,3.5,-,N/A,,Clear,190,10/8/2016 7:54
224,10/8/2016 4:54,4:54 AM,54,51.1,90,30.17,10,South,5.8,-,N/A,,Clear,190,10/8/2016 8:54
225,10/8/2016 5:54,5:54 AM,52,51.1,97,30.17,10,South,6.9,-,N/A,,Clear,180,10/8/2016 9:54
226,10/8/2016 6:54,6:54 AM,53.1,52,96,30.17,9,Calm,Calm,-,N/A,,Clear,0,10/8/2016 10:54
227,10/8/2016 7:54,7:54 AM,53.1,53.1,100,30.17,8,South,4.6,-,N/A,,Mostly Cloudy,190,10/8/2016 11:54
228,10/8/2016 8:54,8:54 AM,55.9,54,93,30.17,10,South,5.8,-,N/A,,Mostly Cloudy,190,10/8/2016 12:54
229,10/8/2016 9:54,9:54 AM,57.9,55.9,93,30.17,10,SE,5.8,-,N/A,,Mostly Cloudy,140,10/8/2016 13:54
230,10/8/2016 10:54,10:54 AM,59,57,93,30.15,10,SE,5.8,-,N/A,,Mostly Cloudy,140,10/8/2016 14:54
231,10/8/2016 11:54,11:54 AM,63,57,81,30.12,10,ESE,4.6,-,N/A,,Overcast,110,10/8/2016 15:54
232,10/8/2016 12:54,12:54 PM,64,57,78,30.11,10,East,6.9,-,N/A,,Overcast,80,10/8/2016 16:54
233,10/8/2016 13:54,1:54 PM,64,57.9,80,30.1,10,East,5.8,-,N/A,,Overcast,100,10/8/2016 17:54
234,10/8/2016 14:38,2:38 PM,63,59,87,30.08,10,ENE,6.9,-,N/A,,Overcast,70,10/8/2016 18:38
235,10/8/2016 14:54,2:54 PM,64,60.1,87,30.08,10,ENE,6.9,-,N/A,,Overcast,70,10/8/2016 18:54
236,10/8/2016 15:54,3:54 PM,64.9,61,87,30.06,10,ESE,5.8,-,N/A,,Overcast,120,10/8/2016 19:54
237,10/8/2016 16:08,4:08 PM,64.9,61,87,30.05,10,SE,3.5,-,N/A,,Overcast,130,10/8/2016 20:08
238,10/8/2016 16:54,4:54 PM,66.9,63,87,30.04,10,WSW,5.8,-,0,,Overcast,240,10/8/2016 20:54
239,10/8/2016 17:54,5:54 PM,66.9,62.1,84,30.02,10,SSW,8.1,-,N/A,,Overcast,200,10/8/2016 21:54
240,10/8/2016 18:54,6:54 PM,66.9,62.1,84,30.03,10,South,4.6,-,N/A,,Overcast,190,10/8/2016 22:54
241,10/8/2016 19:36,7:36 PM,66.9,62.1,84,30.04,10,SW,4.6,-,0,,Overcast,220,10/8/2016 23:36
242,10/8/2016 19:54,7:54 PM,66,62.1,87,30.03,10,SSW,5.8,-,0,,Overcast,210,10/8/2016 23:54
243,10/8/2016 20:08,8:08 PM,66,62.1,87,30.04,10,SSW,5.8,-,N/A,,Overcast,210,10/9/2016 0:08
244,10/8/2016 20:54,8:54 PM,66,62.1,87,30.04,10,SSW,8.1,-,N/A,,Overcast,210,10/9/2016 0:54
245,10/8/2016 21:54,9:54 PM,64.9,62.1,90,30.03,10,South,4.6,-,N/A,,Overcast,190,10/9/2016 1:54
246,10/8/2016 22:54,10:54 PM,64.9,62.1,90,30.02,10,South,3.5,-,0,Rain,Light Rain,190,10/9/2016 2:54
247,10/8/2016 23:54,11:54 PM,64,63,96,30.01,10,South,3.5,-,0.01,Rain,Light Rain,180,10/9/2016 3:54
248,10/9/2016 0:54,12:54 AM,63,63,100,29.99,10,SSW,4.6,-,0,,Overcast,200,10/9/2016 4:54
249,10/9/2016 1:27,1:27 AM,63,63,100,29.99,10,SSW,3.5,-,N/A,,Overcast,200,10/9/2016 5:27
250,10/9/2016 1:54,1:54 AM,64.9,64,97,29.99,10,WSW,8.1,-,N/A,,Overcast,240,10/9/2016 5:54
251,10/9/2016 2:26,2:26 AM,64,64,100,29.98,10,SW,5.8,-,N/A,,Overcast,220,10/9/2016 6:26
252,10/9/2016 2:54,2:54 AM,64,64,100,29.97,8,South,6.9,-,0,Rain,Light Rain,190,10/9/2016 6:54
253,10/9/2016 3:54,3:54 AM,64,62.1,93,29.96,10,WNW,5.8,-,0.02,,Overcast,300,10/9/2016 7:54
254,10/9/2016 4:54,4:54 AM,63,62.1,97,29.96,10,NNW,3.5,-,N/A,,Overcast,340,10/9/2016 8:54
255,10/9/2016 5:54,5:54 AM,63,62.1,97,29.97,10,NNW,5.8,-,0.05,,Overcast,340,10/9/2016 9:54
256,10/9/2016 6:02,6:02 AM,63,62.1,97,29.97,10,NNW,6.9,-,N/A,,Overcast,340,10/9/2016 10:02
257,10/9/2016 6:54,6:54 AM,61,60.1,97,29.98,6,NNW,12.7,-,0,Rain,Light Rain,340,10/9/2016 10:54
258,10/9/2016 7:06,7:06 AM,60.1,60.1,100,29.98,2,NNW,11.5,-,0.01,Rain,Rain,340,10/9/2016 11:06
259,10/9/2016 7:54,7:54 AM,57.9,57.9,100,29.99,2.5,NNW,8.1,-,0.07,Rain,Light Rain,340,10/9/2016 11:54
260,10/9/2016 8:54,8:54 AM,57,57,100,30.03,2.5,North,12.7,-,0.14,Rain,Heavy Rain,10,10/9/2016 12:54
261,10/9/2016 9:35,9:35 AM,57,57,100,30.03,3,NNE,10.4,-,0.13,Rain,Rain,20,10/9/2016 13:35
262,10/9/2016 9:54,9:54 AM,57,57,100,30.02,5,North,12.7,-,0.17,Rain,Light Rain,10,10/9/2016 13:54
263,10/9/2016 10:54,10:54 AM,55,54,96,30.03,6,North,13.8,-,0.09,Rain,Rain,10,10/9/2016 14:54
264,10/9/2016 11:54,11:54 AM,55,54,96,30.02,6,North,12.7,-,0.15,Rain,Rain,360,10/9/2016 15:54
265,10/9/2016 12:54,12:54 PM,54,54,100,30.04,3,North,13.8,24.2,0.14,Rain,Rain,10,10/9/2016 16:54
266,10/9/2016 13:54,1:54 PM,54,53.1,97,30.02,5,NNE,18.4,25.3,0.13,Rain,Rain,30,10/9/2016 17:54
267,10/9/2016 14:38,2:38 PM,53.1,51.1,93,30.01,4,NNE,18.4,26.5,0.06,Rain,Rain,20,10/9/2016 18:38
268,10/9/2016 14:54,2:54 PM,53.1,52,96,30.02,5,NNE,17.3,-,0.08,Rain,Rain,20,10/9/2016 18:54
269,10/9/2016 15:01,3:01 PM,53.1,51.1,93,30.02,4,NNE,17.3,-,0.01,Rain,Rain,20,10/9/2016 19:01
270,10/9/2016 15:54,3:54 PM,52,51.1,97,30.02,4,North,16.1,-,0.15,Rain,Rain,360,10/9/2016 19:54
271,10/9/2016 16:14,4:14 PM,52,51.1,97,30.02,6,North,16.1,-,0.04,Rain,Rain,10,10/9/2016 20:14
272,10/9/2016 16:39,4:39 PM,52,51.1,97,30.02,5,North,15,-,0.07,Rain,Rain,360,10/9/2016 20:39
273,10/9/2016 16:54,4:54 PM,52,51.1,97,30.02,5,North,15,-,0.1,Rain,Rain,360,10/9/2016 20:54
274,10/9/2016 17:01,5:01 PM,52,50,93,30.02,5,North,17.3,-,0.02,Rain,Rain,10,10/9/2016 21:01
275,10/9/2016 17:39,5:39 PM,51.1,50,96,30.03,5,North,15,-,0.08,Rain,Rain,10,10/9/2016 21:39
276,10/9/2016 17:54,5:54 PM,51.1,50,96,30.03,5,North,13.8,-,0.11,Rain,Rain,10,10/9/2016 21:54
277,10/9/2016 18:54,6:54 PM,51.1,48.9,92,30.03,7,North,17.3,-,0.1,Rain,Rain,360,10/9/2016 22:54
278,10/9/2016 19:45,7:45 PM,51.1,50,96,30.04,4,North,13.8,-,0.13,Rain,Heavy Rain,360,10/9/2016 23:45
279,10/9/2016 19:54,7:54 PM,50,50,100,30.04,4,North,13.8,-,0.17,Rain,Heavy Rain,10,10/9/2016 23:54
280,10/9/2016 20:20,8:20 PM,50,48,93,30.03,4,NNE,21.9,28.8,0.08,Rain,Rain,20,10/10/2016 0:20
281,10/9/2016 20:35,8:35 PM,50,48,93,30.02,5,North,18.4,27.6,0.12,Rain,Rain,10,10/10/2016 0:35
282,10/9/2016 20:54,8:54 PM,50,48,93,30.01,6,North,23,29.9,0.14,Rain,Rain,10,10/10/2016 0:54
283,10/9/2016 21:20,9:20 PM,50,48.9,96,30,10,North,15,-,0.01,Rain,Light Rain,360,10/10/2016 1:20
284,10/9/2016 21:27,9:27 PM,50,48,93,30,10,North,18.4,21.9,0.02,Rain,Light Rain,360,10/10/2016 1:27
285,10/9/2016 21:54,9:54 PM,50,48,93,30,10,North,17.3,23,0.03,Rain,Light Rain,360,10/10/2016 1:54
286,10/9/2016 22:26,10:26 PM,50,46.9,89,29.99,10,North,17.3,25.3,0,Rain,Light Rain,350,10/10/2016 2:26
287,10/9/2016 23:54,11:54 PM,50,46.9,89,29.99,10,NNW,11.5,-,0,,Mostly Cloudy,330,10/10/2016 3:54
288,10/10/2016 0:54,12:54 AM,48.9,44.1,83,30,10,NNW,16.1,23,N/A,NA,Overcast,330,10/10/2016 4:54
289,10/10/2016 1:54,1:54 AM,46.9,41,80,30,10,NW,17.3,24.2,N/A,NA,Overcast,320,10/10/2016 5:54
290,10/10/2016 2:54,2:54 AM,46,39,76,30,10,NW,17.3,27.6,N/A,NA,Scattered Clouds,320,10/10/2016 6:54
291,10/10/2016 3:54,3:54 AM,45,37.9,76,30,10,NNW,13.8,24.2,N/A,NA,Scattered Clouds,330,10/10/2016 7:54
292,10/10/2016 4:54,4:54 AM,45,37,74,30.02,10,NW,19.6,-,N/A,NA,Partly Cloudy,320,10/10/2016 8:54
293,10/10/2016 5:54,5:54 AM,45,37,74,30.03,10,NW,15,23,N/A,NA,Partly Cloudy,320,10/10/2016 9:54
294,10/10/2016 6:54,6:54 AM,45,36,71,30.06,10,NNW,13.8,-,N/A,NA,Partly Cloudy,330,10/10/2016 10:54
295,10/10/2016 7:54,7:54 AM,46,36,68,30.09,10,NNW,19.6,25.3,N/A,NA,Partly Cloudy,330,10/10/2016 11:54
296,10/10/2016 8:54,8:54 AM,48,35.1,61,30.11,10,NNW,20.7,29.9,N/A,NA,Partly Cloudy,330,10/10/2016 12:54
297,10/10/2016 9:54,9:54 AM,50,35.1,57,30.13,10,NW,18.4,25.3,N/A,NA,Partly Cloudy,320,10/10/2016 13:54
298,10/10/2016 10:54,10:54 AM,52,35.1,53,30.13,10,NW,18.4,26.5,N/A,NA,Partly Cloudy,310,10/10/2016 14:54
299,10/10/2016 11:54,11:54 AM,54,35.1,49,30.14,10,NW,17.3,24.2,N/A,NA,Partly Cloudy,320,10/10/2016 15:54
300,10/10/2016 12:54,12:54 PM,55.9,35.1,45,30.13,10,NW,19.6,28.8,N/A,NA,Clear,320,10/10/2016 16:54
301,10/10/2016 13:54,1:54 PM,57,34,42,30.13,10,NNW,19.6,28.8,N/A,NA,Clear,330,10/10/2016 17:54
302,10/10/2016 14:54,2:54 PM,57.9,34,41,30.14,10,NW,17.3,27.6,N/A,NA,Partly Cloudy,310,10/10/2016 18:54
303,10/10/2016 15:54,3:54 PM,57.9,34,41,30.16,10,NW,18.4,26.5,N/A,NA,Partly Cloudy,310,10/10/2016 19:54
304,10/10/2016 16:54,4:54 PM,57.9,33.1,39,30.18,10,NW,17.3,-,N/A,NA,Partly Cloudy,320,10/10/2016 20:54
305,10/10/2016 17:54,5:54 PM,55,33.1,43,30.22,10,NW,15,21.9,N/A,NA,Partly Cloudy,320,10/10/2016 21:54
306,10/10/2016 18:54,6:54 PM,53.1,34,48,30.25,10,NNW,10.4,-,N/A,NA,Clear,330,10/10/2016 22:54
307,10/10/2016 19:54,7:54 PM,52,34,50,30.28,10,NW,10.4,-,N/A,NA,Clear,310,10/10/2016 23:54
308,10/10/2016 20:54,8:54 PM,50,33.1,52,30.3,10,NNW,12.7,-,N/A,NA,Clear,330,10/11/2016 0:54
309,10/10/2016 21:54,9:54 PM,48.9,34,56,30.32,10,NW,10.4,-,N/A,NA,Clear,320,10/11/2016 1:54
310,10/10/2016 22:54,10:54 PM,48,33.1,56,30.34,10,NNW,9.2,-,N/A,NA,Clear,330,10/11/2016 2:54
311,10/10/2016 23:54,11:54 PM,46.9,33.1,59,30.35,10,NNW,11.5,-,N/A,NA,Clear,330,10/11/2016 3:54
312,10/11/2016 0:54,12:54 AM,46,33.1,61,30.37,10,NW,11.5,-,N/A,NA,Clear,320,10/11/2016 4:54
313,10/11/2016 1:54,1:54 AM,45,33.1,63,30.38,10,NW,10.4,-,N/A,NA,Clear,320,10/11/2016 5:54
314,10/11/2016 2:54,2:54 AM,45,33.1,63,30.39,10,NNW,10.4,-,N/A,NA,Clear,330,10/11/2016 6:54
315,10/11/2016 3:54,3:54 AM,44.1,33.1,65,30.4,10,NW,10.4,-,N/A,NA,Clear,320,10/11/2016 7:54
316,10/11/2016 4:54,4:54 AM,44.1,33.1,65,30.42,10,NW,8.1,-,N/A,NA,Clear,320,10/11/2016 8:54
317,10/11/2016 5:54,5:54 AM,44.1,33.1,65,30.44,10,NW,10.4,-,N/A,NA,Clear,320,10/11/2016 9:54
318,10/11/2016 6:54,6:54 AM,44.1,33.1,65,30.44,10,NNW,8.1,-,N/A,NA,Clear,330,10/11/2016 10:54
319,10/11/2016 7:54,7:54 AM,45,34,65,30.46,10,NW,9.2,-,N/A,NA,Clear,320,10/11/2016 11:54
320,10/11/2016 8:54,8:54 AM,48.9,34,56,30.47,10,North,5.8,-,N/A,NA,Clear,350,10/11/2016 12:54
321,10/11/2016 9:54,9:54 AM,54,34,47,30.48,10,Calm,Calm,-,N/A,NA,Clear,0,10/11/2016 13:54
322,10/11/2016 10:54,10:54 AM,55.9,32,40,30.48,10,Variable,3.5,-,N/A,NA,Clear,0,10/11/2016 14:54
323,10/11/2016 11:54,11:54 AM,59,30.9,35,30.48,10,Calm,Calm,-,N/A,NA,Partly Cloudy,0,10/11/2016 15:54
324,10/11/2016 12:54,12:54 PM,57.9,37,46,30.46,10,SE,9.2,-,N/A,NA,Partly Cloudy,140,10/11/2016 16:54
325,10/11/2016 13:54,1:54 PM,57.9,30.9,36,30.45,10,SE,10.4,-,N/A,NA,Partly Cloudy,130,10/11/2016 17:54
326,10/11/2016 14:54,2:54 PM,57.9,33.1,39,30.43,10,ESE,9.2,-,N/A,NA,Partly Cloudy,110,10/11/2016 18:54
327,10/11/2016 15:54,3:54 PM,57.9,34,41,30.43,10,ESE,9.2,-,N/A,NA,Partly Cloudy,110,10/11/2016 19:54
328,10/11/2016 16:54,4:54 PM,57.9,35.1,42,30.42,10,East,10.4,-,N/A,NA,Partly Cloudy,100,10/11/2016 20:54
329,10/11/2016 17:54,5:54 PM,55.9,42.1,60,30.43,10,ESE,9.2,-,N/A,NA,Scattered Clouds,110,10/11/2016 21:54
330,10/11/2016 18:54,6:54 PM,55,41,59,30.43,10,SE,8.1,-,N/A,NA,Scattered Clouds,130,10/11/2016 22:54
331,10/11/2016 19:54,7:54 PM,54,43,66,30.43,10,SSE,8.1,-,N/A,NA,Partly Cloudy,160,10/11/2016 23:54
332,10/11/2016 20:54,8:54 PM,52,42.1,69,30.43,10,South,5.8,-,N/A,NA,Partly Cloudy,180,10/12/2016 0:54
333,10/11/2016 21:54,9:54 PM,52,41,66,30.43,10,SSW,4.6,-,N/A,NA,Partly Cloudy,200,10/12/2016 1:54
334,10/11/2016 22:54,10:54 PM,51.1,39,63,30.42,10,SSW,4.6,-,N/A,NA,Partly Cloudy,200,10/12/2016 2:54
335,10/11/2016 23:54,11:54 PM,52,37.9,59,30.42,10,SSW,4.6,-,N/A,NA,Partly Cloudy,210,10/12/2016 3:54
336,10/12/2016 0:54,12:54 AM,48.9,39,69,30.41,10,SSW,5.8,-,N/A,NA,Clear,210,10/12/2016 4:54
337,10/12/2016 1:54,1:54 AM,48.9,42.1,77,30.41,10,SW,6.9,-,N/A,NA,Clear,230,10/12/2016 5:54
338,10/12/2016 2:54,2:54 AM,48.9,42.1,77,30.4,10,SSW,4.6,-,N/A,NA,Partly Cloudy,200,10/12/2016 6:54
339,10/12/2016 3:54,3:54 AM,48.9,44.1,83,30.39,10,South,3.5,-,N/A,NA,Partly Cloudy,180,10/12/2016 7:54
340,10/12/2016 4:54,4:54 AM,48.9,45,86,30.39,10,SSW,4.6,-,N/A,NA,Partly Cloudy,200,10/12/2016 8:54
341,10/12/2016 5:54,5:54 AM,48.9,44.1,83,30.4,10,South,5.8,-,N/A,NA,Scattered Clouds,190,10/12/2016 9:54
342,10/12/2016 6:54,6:54 AM,48.9,45,86,30.4,10,South,4.6,-,N/A,NA,Mostly Cloudy,190,10/12/2016 10:54
343,10/12/2016 7:54,7:54 AM,51.1,46,83,30.4,10,South,3.5,-,N/A,NA,Partly Cloudy,170,10/12/2016 11:54
344,10/12/2016 8:54,8:54 AM,54,46,75,30.4,10,South,3.5,-,N/A,NA,Partly Cloudy,180,10/12/2016 12:54
345,10/12/2016 9:54,9:54 AM,55.9,46.9,72,30.4,10,South,4.6,-,N/A,NA,Partly Cloudy,180,10/12/2016 13:54
346,10/12/2016 10:54,10:54 AM,59,48,67,30.39,10,SSE,6.9,-,N/A,NA,Partly Cloudy,150,10/12/2016 14:54
347,10/12/2016 11:54,11:54 AM,60.1,48,64,30.37,10,ESE,5.8,-,N/A,NA,Partly Cloudy,120,10/12/2016 15:54
348,10/12/2016 12:54,12:54 PM,61,50,67,30.34,10,East,11.5,-,N/A,NA,Partly Cloudy,100,10/12/2016 16:54
349,10/12/2016 13:54,1:54 PM,62.1,48,60,30.32,10,East,12.7,-,N/A,NA,Scattered Clouds,90,10/12/2016 17:54
350,10/12/2016 14:54,2:54 PM,62.1,48,60,30.31,10,East,12.7,-,N/A,NA,Mostly Cloudy,90,10/12/2016 18:54
351,10/12/2016 15:54,3:54 PM,61,51.1,70,30.29,10,East,12.7,-,N/A,NA,Mostly Cloudy,100,10/12/2016 19:54
352,10/12/2016 16:54,4:54 PM,62.1,53.1,72,30.27,10,ESE,12.7,-,N/A,NA,Scattered Clouds,110,10/12/2016 20:54
353,10/12/2016 17:54,5:54 PM,60.1,53.1,78,30.25,10,SE,10.4,-,N/A,NA,Mostly Cloudy,130,10/12/2016 21:54
354,10/12/2016 18:54,6:54 PM,59,51.1,75,30.26,10,SE,10.4,-,N/A,NA,Scattered Clouds,140,10/12/2016 22:54
355,10/12/2016 19:54,7:54 PM,57,51.1,81,30.25,10,SSE,10.4,-,N/A,NA,Partly Cloudy,160,10/12/2016 23:54
356,10/12/2016 20:54,8:54 PM,55.9,48,75,30.27,10,South,9.2,-,N/A,NA,Partly Cloudy,180,10/13/2016 0:54
357,10/12/2016 21:54,9:54 PM,54,50,86,30.26,10,South,9.2,-,N/A,NA,Partly Cloudy,180,10/13/2016 1:54
358,10/12/2016 22:54,10:54 PM,53.1,51.1,93,30.25,10,South,5.8,-,N/A,NA,Partly Cloudy,180,10/13/2016 2:54
359,10/12/2016 23:54,11:54 PM,53.1,51.1,93,30.23,10,South,6.9,-,N/A,NA,Partly Cloudy,190,10/13/2016 3:54
360,10/13/2016 0:54,12:54 AM,52,51.1,97,30.21,10,South,6.9,-,N/A,,Partly Cloudy,180,10/13/2016 4:54
361,10/13/2016 1:54,1:54 AM,52,51.1,97,30.18,10,South,6.9,-,N/A,,Partly Cloudy,190,10/13/2016 5:54
362,10/13/2016 2:54,2:54 AM,52,51.1,97,30.16,10,South,5.8,-,N/A,,Scattered Clouds,180,10/13/2016 6:54
363,10/13/2016 3:54,3:54 AM,54,52,93,30.15,10,Calm,Calm,-,N/A,,Overcast,0,10/13/2016 7:54
364,10/13/2016 4:54,4:54 AM,55,53.1,93,30.14,10,Calm,Calm,-,N/A,,Overcast,0,10/13/2016 8:54
365,10/13/2016 5:54,5:54 AM,55,53.1,93,30.13,10,ESE,4.6,-,N/A,,Overcast,120,10/13/2016 9:54
366,10/13/2016 6:54,6:54 AM,55,53.1,93,30.13,10,South,3.5,-,N/A,,Overcast,170,10/13/2016 10:54
367,10/13/2016 7:38,7:38 AM,55.9,54,93,30.12,10,South,4.6,-,N/A,,Overcast,170,10/13/2016 11:38
368,10/13/2016 7:54,7:54 AM,55.9,54,93,30.12,10,South,6.9,-,N/A,,Mostly Cloudy,170,10/13/2016 11:54
369,10/13/2016 8:54,8:54 AM,57.9,55,90,30.11,10,South,5.8,-,N/A,,Scattered Clouds,170,10/13/2016 12:54
370,10/13/2016 9:54,9:54 AM,63,57.9,84,30.09,10,South,8.1,-,N/A,,Mostly Cloudy,180,10/13/2016 13:54
371,10/13/2016 10:54,10:54 AM,64.9,57.9,78,30.06,10,SW,8.1,-,N/A,,Mostly Cloudy,220,10/13/2016 14:54
372,10/13/2016 11:10,11:10 AM,64.9,57,75,30.06,10,SW,10.4,-,N/A,,Mostly Cloudy,230,10/13/2016 15:10
373,10/13/2016 11:54,11:54 AM,68,55.9,65,30.04,10,SSW,13.8,18.4,N/A,,Mostly Cloudy,210,10/13/2016 15:54
374,10/13/2016 12:54,12:54 PM,69.1,55,61,30.01,10,SSW,16.1,-,N/A,,Mostly Cloudy,210,10/13/2016 16:54
375,10/13/2016 13:54,1:54 PM,71.1,55,57,29.98,10,SSW,12.7,-,N/A,,Mostly Cloudy,200,10/13/2016 17:54
376,10/13/2016 14:54,2:54 PM,71.1,53.1,53,29.96,10,SW,13.8,-,N/A,,Mostly Cloudy,220,10/13/2016 18:54
377,10/13/2016 15:54,3:54 PM,70,52,53,29.96,10,SW,12.7,-,N/A,,Mostly Cloudy,230,10/13/2016 19:54
378,10/13/2016 16:54,4:54 PM,69.1,51.1,53,29.96,10,WSW,12.7,-,N/A,,Mostly Cloudy,240,10/13/2016 20:54
379,10/13/2016 17:54,5:54 PM,68,52,56,29.97,10,WSW,12.7,-,0,Rain,Light Rain,240,10/13/2016 21:54
380,10/13/2016 18:54,6:54 PM,64.9,55.9,73,29.99,10,West,11.5,-,0,Rain,Light Rain,270,10/13/2016 22:54
381,10/13/2016 19:54,7:54 PM,64,55.9,75,30.01,10,WNW,11.5,-,0,,Overcast,290,10/13/2016 23:54
382,10/13/2016 20:54,8:54 PM,63,55,75,30.03,10,West,10.4,-,N/A,,Partly Cloudy,280,10/14/2016 0:54
383,10/13/2016 21:54,9:54 PM,61,53.1,75,30.05,10,WNW,11.5,-,N/A,,Partly Cloudy,290,10/14/2016 1:54
384,10/13/2016 22:54,10:54 PM,60.1,52,75,30.07,10,WNW,12.7,-,N/A,,Partly Cloudy,290,10/14/2016 2:54
385,10/13/2016 23:54,11:54 PM,57.9,50,75,30.09,10,NW,13.8,-,N/A,,Partly Cloudy,310,10/14/2016 3:54
386,10/14/2016 0:54,12:54 AM,55,45,69,30.11,10,NNW,16.1,20.7,N/A,NA,Clear,340,10/14/2016 4:54
387,10/14/2016 1:54,1:54 AM,52,39,61,30.14,10,NW,20.7,27.6,N/A,NA,Clear,320,10/14/2016 5:54
388,10/14/2016 2:54,2:54 AM,50,37,61,30.14,10,NW,16.1,25.3,N/A,NA,Clear,320,10/14/2016 6:54
389,10/14/2016 3:54,3:54 AM,48.9,37,64,30.17,10,NNW,15,24.2,N/A,NA,Clear,330,10/14/2016 7:54
390,10/14/2016 4:54,4:54 AM,48,36,63,30.19,10,NNW,13.8,24.2,N/A,NA,Clear,330,10/14/2016 8:54
391,10/14/2016 5:54,5:54 AM,46.9,34,61,30.22,10,NW,15,24.2,N/A,NA,Clear,320,10/14/2016 9:54
392,10/14/2016 6:54,6:54 AM,46,33.1,61,30.25,10,NNW,10.4,20.7,N/A,NA,Partly Cloudy,330,10/14/2016 10:54
393,10/14/2016 7:54,7:54 AM,46.9,33.1,59,30.29,10,NNW,13.8,-,N/A,NA,Partly Cloudy,330,10/14/2016 11:54
394,10/14/2016 8:54,8:54 AM,48,33.1,56,30.3,10,NNW,11.5,-,N/A,NA,Partly Cloudy,330,10/14/2016 12:54
395,10/14/2016 9:54,9:54 AM,50,33.1,52,30.32,10,North,12.7,-,N/A,NA,Partly Cloudy,350,10/14/2016 13:54
396,10/14/2016 10:54,10:54 AM,52,33.1,49,30.33,10,North,9.2,-,N/A,NA,Partly Cloudy,360,10/14/2016 14:54
397,10/14/2016 11:54,11:54 AM,55,34,45,30.33,10,North,9.2,-,N/A,NA,Partly Cloudy,360,10/14/2016 15:54
398,10/14/2016 12:54,12:54 PM,55.9,33.1,42,30.31,10,NW,6.9,-,N/A,NA,Partly Cloudy,320,10/14/2016 16:54
399,10/14/2016 13:54,1:54 PM,57.9,33.1,39,30.3,10,WNW,8.1,-,N/A,NA,Partly Cloudy,300,10/14/2016 17:54
400,10/14/2016 14:54,2:54 PM,59,32,36,30.3,10,North,6.9,-,N/A,NA,Partly Cloudy,360,10/14/2016 18:54
401,10/14/2016 15:54,3:54 PM,59,30.9,35,30.3,10,NW,8.1,-,N/A,NA,Partly Cloudy,320,10/14/2016 19:54
402,10/14/2016 16:54,4:54 PM,55,39.9,57,30.31,10,East,9.2,-,N/A,NA,Clear,80,10/14/2016 20:54
403,10/14/2016 17:54,5:54 PM,53.1,39,59,30.32,10,ENE,5.8,-,N/A,NA,Partly Cloudy,70,10/14/2016 21:54
404,10/14/2016 18:54,6:54 PM,52,39.9,63,30.34,10,ENE,3.5,-,N/A,NA,Partly Cloudy,60,10/14/2016 22:54
405,10/14/2016 19:54,7:54 PM,52,41,66,30.35,10,North,5.8,-,N/A,NA,Clear,10,10/14/2016 23:54
406,10/14/2016 20:54,8:54 PM,53.1,37,55,30.37,10,North,5.8,-,N/A,NA,Clear,360,10/15/2016 0:54
407,10/14/2016 21:54,9:54 PM,52,34,50,30.39,10,NNE,6.9,-,N/A,NA,Clear,20,10/15/2016 1:54
408,10/14/2016 22:54,10:54 PM,48.9,33.1,54,30.39,10,North,4.6,-,N/A,NA,Clear,350,10/15/2016 2:54
409,10/14/2016 23:54,11:54 PM,48,30.9,52,30.39,10,NNW,9.2,-,N/A,NA,Clear,330,10/15/2016 3:54
